DATE,SPX2.r,SPX2.closeprice,SPX2.rv
2016/1/4,-0.019727194,18450.98,0.000113701
2016/1/5,-0.001346649,18374,0.00014034
2016/1/6,-0.011980399,18191.32,0.000169175
2016/1/7,-0.020744825,17767.34,0.000151948
2016/1/8,0.007698805,17697.96,0.000237768
2016/1/12,-0.014527255,17218.96,0.000155651
2016/1/13,0.015158083,17715.63,9.38E-05
2016/1/14,-0.008316371,17240.95,0.000327697
2016/1/15,-0.02165384,17147.11,0.000169367
2016/1/18,0.007615814,16955.57,0.000287889
2016/1/19,0.008605482,17048.37,0.000227538
2016/1/20,-0.036724893,16416.19,0.000238295
2016/1/21,-0.027682986,16017.26,0.000542321
2016/1/22,0.037355617,16958.53,0.000366262
2016/1/25,-0.002037557,17110.91,0.000205952
2016/1/26,-0.007407457,16708.9,0.000102066
2016/1/27,0.012589461,17163.92,0.000207232
2016/1/28,-0.001078552,17041.45,0.000122506
2016/1/29,0.020952875,17518.3,0.001477329
2016/2/1,0.009314325,17865.23,8.10E-05
2016/2/2,0.001926287,17750.68,7.79E-05
2016/2/3,-0.017652337,17191.25,0.000221616
2016/2/4,-0.001531242,17044.99,0.000244014
2016/2/5,0.001729242,16819.59,0.000173706
2016/2/8,0.022804712,17004.3,0.000170872
2016/2/9,-0.035503602,16085.44,0.000426992
2016/2/10,-0.026034996,15713.39,0.000386571
2016/2/12,-0.031186034,14952.61,0.001087851
2016/2/15,0.049525709,16022.58,0.00051891
2016/2/16,0.012848763,16054.43,0.000333898
2016/2/17,-0.012487098,15836.36,0.000456947
2016/2/18,0.003631995,16196.8,0.000238887
2016/2/19,-0.005199032,15967.17,0.000142484
2016/2/22,0.016248178,16111.05,0.000235776
2016/2/23,-0.011048227,16052.05,0.000128769
2016/2/24,0.004070907,15915.79,0.00017749
2016/2/25,0.009766665,16140.34,0.000134725
2016/2/26,-0.007576053,16188.41,0.0001443
2016/2/29,-0.017721514,16026.76,0.000146779
2016/3/1,0.004517974,16085.51,0.000190861
2016/3/2,0.021430579,16746.55,0.000121261
2016/3/3,0.015711071,16960.16,0.000121078
2016/3/4,0.00515113,17014.78,8.95E-05
2016/3/7,-0.006678486,16911.32,5.56E-05
2016/3/8,-0.006315536,16783.15,8.81E-05
2016/3/9,0.000998564,16642.2,0.000109371
2016/3/10,0.002456679,16852.35,4.60E-05
2016/3/11,0.019595221,16938.87,0.0001551
2016/3/14,0.004549683,17233.75,3.56E-05
2016/3/15,-0.0059889,17117.07,9.56E-05
2016/3/16,-0.000407,16974.45,6.67E-05
2016/3/17,-0.010058838,16936.38,0.000107243
2016/3/18,-0.009458375,16724.81,0.000102407
2016/3/22,0.006546275,17048.55,0.000162164
2016/3/23,-0.003833011,17000.98,7.12E-05
2016/3/24,-0.005140583,16892.33,7.75E-05
2016/3/25,0.003134991,17002.75,6.56E-05
2016/3/28,0.000297692,17134.37,8.34E-05
2016/3/29,0.006937788,17103.53,7.24E-05
2016/3/30,-0.011724966,16878.96,5.29E-05
2016/3/31,-0.014129358,16758.67,9.14E-05
2016/4/1,-0.033782846,16164.16,0.000190051
2016/4/4,0.002204836,16123.27,0.00015142
2016/4/5,-0.019600307,15732.82,0.000144932
2016/4/6,-0.000784911,15715.36,0.000136628
2016/4/7,0.000671979,15749.84,0.000144012
2016/4/8,0.014289886,15821.52,0.000206274
2016/4/11,-0.00066259,15751.13,0.000195473
2016/4/12,0.013242724,15928.79,0.000140706
2016/4/13,0.014667002,16381.22,9.34E-05
2016/4/14,0.016769184,16911.05,8.59E-05
2016/4/15,0.007604803,16848.03,0.00011164
2016/4/18,-0.014958873,16275.95,0.000206336
2016/4/19,0.01744248,16874.44,0.000200477
2016/4/20,-0.008674283,16906.54,8.07E-05
2016/4/21,0.010208219,17363.62,4.43E-05
2016/4/22,0.020235819,17572.49,0.000201936
2016/4/25,-0.00994278,17439.3,0.000123509
2016/4/26,-0.000304219,17353.28,6.88E-05
2016/4/27,-0.004569518,17290.49,5.41E-05
2016/4/28,-0.045334788,16666.05,0.001629955
2016/5/2,-0.012904246,16147.38,0.000355426
2016/5/6,-0.006556459,16106.72,8.95E-05
2016/5/9,-0.000649763,16216.03,4.66E-05
2016/5/10,0.015678381,16565.19,8.16E-05
2016/5/11,-0.009467671,16579.01,0.000118594
2016/5/12,0.011276011,16646.34,7.88E-05
2016/5/13,-0.0236015,16412.21,0.000122572
2016/5/16,0.004533411,16466.4,0.000145342
2016/5/17,0.00203476,16652.8,7.96E-05
2016/5/18,0.00200204,16644.69,0.000166213
2016/5/19,-0.00961324,16646.66,7.98E-05
2016/5/20,0.008482158,16736.35,5.76E-05
2016/5/23,-0.001001024,16654.6,9.06E-05
2016/5/24,-0.006421037,16498.76,5.38E-05
2016/5/25,-0.00041764,16757.35,2.06E-05
2016/5/26,-0.009212487,16772.46,4.10E-05
2016/5/27,0.000257832,16834.84,2.27E-05
2016/5/30,0.005540272,17068.02,2.41E-05
2016/5/31,0.011996254,17234.98,2.69E-05
2016/6/1,-0.008310047,16955.73,4.68E-05
2016/6/2,-0.015261617,16562.55,9.60E-05
2016/6/3,0.002570264,16642.23,7.51E-05
2016/6/6,0.012545778,16580.03,7.45E-05
2016/6/7,0.0014643,16675.45,4.51E-05
2016/6/8,0.006463151,16830.92,7.15E-05
2016/6/9,-0.004407013,16668.41,4.49E-05
2016/6/10,-0.002175165,16601.36,4.70E-05
2016/6/13,-0.018550059,16019.18,5.51E-05
2016/6/14,-0.008925932,15859,0.000156671
2016/6/15,0.007598721,15919.58,0.00012033
2016/6/16,-0.027925467,15434.14,0.00019281
2016/6/17,-0.002057542,15599.66,0.000129411
2016/6/20,0.007938576,15965.3,8.99E-05
2016/6/21,0.018306065,16169.11,8.30E-05
2016/6/22,-0.00187118,16065.72,7.74E-05
2016/6/23,0.008642796,16238.35,3.43E-05
2016/6/24,-0.088394458,14952.02,0.002318146
2016/6/27,0.010250796,15309.21,0.000246365
2016/6/28,0.015019753,15323.14,0.000252984
2016/6/29,0.002797026,15566.83,0.000106715
2016/6/30,-0.011286282,15575.92,5.44E-05
2016/7/1,-0.000990424,15682.48,6.96E-05
2016/7/4,0.014156708,15775.8,6.68E-05
2016/7/5,-0.000818462,15669.33,3.37E-05
2016/7/6,-0.00360038,15378.99,8.73E-05
2016/7/7,-0.004608955,15276.24,9.22E-05
2016/7/8,-0.014448651,15106.98,7.81E-05
2016/7/11,0.021418388,15708.82,0.000120946
2016/7/12,0.008382007,16095.65,0.000148408
2016/7/13,-0.006850185,16231.43,0.000107245
2016/7/15,0.006185348,16497.85,0.000104916
2016/7/19,0.006672811,16723.31,4.75E-05
2016/7/20,0.002098486,16681.89,4.93E-05
2016/7/21,-0.002670993,16810.22,4.23E-05
2016/7/22,0.000863414,16627.25,5.73E-05
2016/7/25,-0.002134866,16620.29,6.24E-05
2016/7/26,-0.009281679,16383.04,7.45E-05
2016/7/27,0.008361382,16664.82,0.000170312
2016/7/28,-0.007214982,16476.84,6.11E-05
2016/7/29,0.012730004,16569.27,0.00088776
2016/8/1,0.01334076,16635.77,9.01E-05
2016/8/2,-0.004761257,16391.45,5.28E-05
2016/8/3,-0.008924124,16083.11,0.000111396
2016/8/4,0.005338778,16254.89,0.000138669
2016/8/5,-0.001508602,16254.45,5.33E-05
2016/8/8,0.011372139,16650.57,3.66E-05
2016/8/9,0.007938389,16764.97,3.85E-05
2016/8/10,0.002155877,16735.12,4.62E-05
2016/8/12,0.002529212,16919.92,1.86E-05
2016/8/15,0.000158286,16869.56,1.33E-05
2016/8/16,-0.01685767,16596.51,0.000123964
2016/8/17,0.008960557,16745.64,4.10E-05
2016/8/18,-0.009892669,16486.01,9.80E-05
2016/8/19,-0.000758816,16545.82,6.52E-05
2016/8/22,-6.45E-05,16598.19,2.65E-05
2016/8/23,-0.003174858,16497.36,3.83E-05
2016/8/24,0.002841241,16597.3,2.96E-05
2016/8/25,-0.001460643,16555.95,2.74E-05
2016/8/26,-0.007601511,16360.71,6.73E-05
2016/8/29,0.006379082,16737.49,2.96E-05
2016/8/30,0.002057677,16725.36,7.61E-06
2016/8/31,0.001752544,16887.4,1.30E-05
2016/9/1,0.002465398,16926.84,1.75E-05
2016/9/2,0.00129473,16925.68,2.94E-05
2016/9/5,-0.005495614,17037.63,2.82E-05
2016/9/6,0.002752295,17081.98,1.17E-05
2016/9/7,0.004421827,17012.44,2.35E-05
2016/9/8,-0.00148662,16958.77,2.70E-05
2016/9/9,-0.001684917,16965.76,3.25E-05
2016/9/12,-0.004514497,16672.92,4.03E-05
2016/9/13,-0.002126371,16729.04,3.62E-05
2016/9/14,-0.001071999,16614.24,3.58E-05
2016/9/15,-0.006526049,16405.01,4.17E-05
2016/9/16,0.003672146,16519.29,1.68E-05
2016/9/20,0.005406853,16492.15,5.12E-05
2016/9/21,0.020179492,16807.62,0.000159049
2016/9/23,-0.000347319,16754.02,1.84E-05
2016/9/26,-0.009797381,16544.56,3.23E-05
2016/9/27,0.017719068,16683.93,8.56E-05
2016/9/28,-0.00240155,16465.4,3.24E-05
2016/9/29,0.00524986,16693.71,3.28E-05
2016/9/30,-0.001494945,16449.84,3.23E-05
2016/10/3,0.001968359,16598.67,2.78E-05
2016/10/4,0.004439906,16735.65,2.66E-05
2016/10/5,0.001865676,16819.24,1.86E-05
2016/10/6,-0.000857666,16899.1,2.20E-05
2016/10/7,-0.001365016,16860.09,1.25E-05
2016/10/11,0.005208917,17024.76,2.62E-05
2016/10/12,-0.00063697,16840,1.81E-05
2016/10/13,-0.008877721,16774.24,5.35E-05
2016/10/14,0.006268281,16856.37,4.67E-05
2016/10/17,0.001674763,16900.12,3.37E-05
2016/10/18,0.005989508,16963.61,1.59E-05
2016/10/19,0.002709724,16998.91,1.27E-05
2016/10/20,0.013795514,17235.5,3.31E-05
2016/10/21,-0.005753702,17184.59,2.90E-05
2016/10/24,0.001036836,17234.42,1.57E-05
2016/10/25,0.003843775,17365.25,1.50E-05
2016/10/26,0.003618001,17391.84,1.48E-05
2016/10/27,-0.000574925,17336.42,2.07E-05
2016/10/28,-0.00010546,17446.41,7.86E-06
2016/10/31,0.003687129,17425.02,1.97E-05
2016/11/1,0.003552834,17442.4,2.66E-05
2016/11/2,-0.006011769,17134.68,3.63E-05
2016/11/4,-0.003492194,16905.36,5.70E-05
2016/11/7,0.002983977,17177.21,4.48E-05
2016/11/8,-0.004144821,17171.38,2.34E-05
2016/11/9,-0.061474931,16251.54,0.001482144
2016/11/10,0.046108001,17344.42,0.000790397
2016/11/11,-0.008699992,17374.79,9.38E-05
2016/11/14,0.01167511,17672.62,4.91E-05
2016/11/15,-0.001248361,17668.15,3.69E-05
2016/11/16,0.001664112,17862.21,1.91E-05
2016/11/17,0.005389968,17862.63,4.60E-05
2016/11/18,-0.003156293,17967.41,2.17E-05
2016/11/21,0.003758846,18106.02,1.82E-05
2016/11/22,0.003965914,18162.94,2.78E-05
2016/11/24,0.000198019,18333.41,1.46E-05
2016/11/25,-0.000346489,18381.22,4.83E-05
2016/11/28,0.002962947,18356.89,3.12E-05
2016/11/29,0.002374035,18307.04,1.68E-05
2016/11/30,-0.00259379,18308.48,2.00E-05
2016/12/1,-0.001194115,18513.12,5.58E-05
2016/12/2,-0.000513813,18426.08,3.28E-05
2016/12/5,-0.004091756,18274.99,3.09E-05
2016/12/6,-0.005250742,18360.54,3.05E-05
2016/12/7,0.003365718,18496.69,2.18E-05
2016/12/8,0.004876122,18765.47,1.94E-05
2016/12/9,0.008266701,18996.37,3.30E-05
2016/12/12,-0.001501871,19155.03,5.24E-05
2016/12/13,0.006763418,19250.52,3.57E-05
2016/12/14,-0.000851426,19253.61,2.67E-05
2016/12/15,-0.002793158,19273.79,6.60E-05
2016/12/16,-0.001917634,19401.15,2.11E-05
2016/12/19,0.002362573,19391.6,1.53E-05
2016/12/20,0.006519955,19494.53,1.45E-05
2016/12/21,-0.005272407,19444.49,3.51E-05
2016/12/22,0.001587657,19427.67,2.81E-05
2016/12/26,0.000114975,19396.64,6.05E-06
2016/12/27,0.002561121,19403.06,2.13E-05
2016/12/28,0.00049544,19401.72,1.29E-05
2016/12/29,-0.008110083,19145.14,3.30E-05
2016/12/30,0.006123542,19114.37,3.48E-05
2017/1/4,0.015194863,19594.16,2.85E-05
2017/1/5,-0.004161775,19520.69,2.72E-05
2017/1/6,0.003129131,19454.33,1.69E-05
2017/1/10,-0.005857503,19301.44,5.76E-05
2017/1/11,0.00031144,19364.67,1.58E-05
2017/1/12,-0.0086115,19134.7,5.01E-05
2017/1/13,0.005840029,19287.28,3.38E-05
2017/1/16,-0.006467048,19095.24,3.24E-05
2017/1/17,-0.011884327,18813.53,8.17E-05
2017/1/18,0.007459064,18894.37,5.32E-05
2017/1/19,-0.000554579,19072.25,3.21E-05
2017/1/20,0.004123883,19137.91,4.32E-05
2017/1/23,-0.002507041,18891.03,4.06E-05
2017/1/24,-0.001565201,18787.99,4.23E-05
2017/1/25,-0.001768342,19057.5,3.23E-05
2017/1/26,0.007331061,19402.39,2.28E-05
2017/1/27,0.000713755,19467.4,2.50E-05
2017/1/30,-0.000125451,19368.85,1.79E-05
2017/1/31,-0.005447461,19041.34,2.96E-05
2017/2/1,0.01161456,19148.08,3.59E-05
2017/2/2,-0.012515344,18914.58,4.66E-05
2017/2/3,-0.004142964,18918.2,9.87E-05
2017/2/6,-0.004889299,18976.71,3.14E-05
2017/2/7,0.003531201,18910.78,2.02E-05
2017/2/8,0.002973756,19007.6,2.87E-05
2017/2/9,-0.001816131,18907.67,2.70E-05
2017/2/10,0.008404619,19378.93,2.05E-05
2017/2/13,-0.002803486,19459.15,2.38E-05
2017/2/14,-0.012391346,19238.98,4.06E-05
2017/2/15,-4.27E-05,19437.98,1.16E-05
2017/2/16,-0.004336359,19347.53,3.13E-05
2017/2/17,0.000305746,19234.62,2.51E-05
2017/2/20,0.004672977,19251.08,2.37E-05
2017/2/21,0.005876965,19381.44,1.19E-05
2017/2/22,-0.002028399,19379.87,1.58E-05
2017/2/23,-0.00043663,19371.46,2.17E-05
2017/2/24,0.002670604,19283.54,2.98E-05
2017/2/27,-0.001205085,19107.47,5.85E-05
2017/2/28,-0.003951075,19118.99,2.60E-05
2017/3/1,0.0086276,19393.54,0.000107935
2017/3/2,-0.003063058,19564.8,2.34E-05
2017/3/3,-0.004211637,19469.17,2.19E-05
2017/3/6,-0.00154892,19379.14,1.51E-05
2017/3/7,0.000359863,19344.15,8.61E-06
2017/3/8,-0.002826578,19254.03,1.66E-05
2017/3/9,-0.001266372,19318.58,1.66E-05
2017/3/10,0.008189689,19604.61,1.70E-05
2017/3/13,0.004492664,19633.75,1.26E-05
2017/3/14,-0.001263385,19609.5,3.97E-06
2017/3/15,0.002487079,19577.38,8.10E-06
2017/3/16,0.006732108,19590.14,2.22E-05
2017/3/17,0.000548261,19521.59,1.22E-05
2017/3/21,0.002023543,19455.88,1.51E-05
2017/3/22,-0.005511693,19041.38,2.84E-05
2017/3/23,0.001912722,19085.31,2.97E-05
2017/3/24,0.010236757,19262.53,3.46E-05
2017/3/27,-0.004498549,18985.59,3.22E-05
2017/3/28,0.002283514,19202.87,1.05E-05
2017/3/29,3.64E-05,19217.48,1.88E-05
2017/3/30,-0.00458471,19063.22,2.42E-05
2017/3/31,-0.013716717,18909.26,3.82E-05
2017/4/3,-0.000251243,18983.23,3.08E-05
2017/4/4,-0.006547807,18810.25,7.29E-05
2017/4/5,-0.002088345,18861.27,4.10E-05
2017/4/6,-0.008423288,18597.06,5.57E-05
2017/4/7,-0.002693984,18664.63,0.000160808
2017/4/10,-0.000124474,18797.88,3.02E-05
2017/4/11,0.00161856,18747.87,2.43E-05
2017/4/12,-0.002126279,18552.61,3.64E-05
2017/4/13,0.001907734,18426.84,3.53E-05
2017/4/14,-0.01064795,18335.63,7.25E-05
2017/4/17,0.006307969,18355.26,2.36E-05
2017/4/18,-0.00426862,18418.59,2.57E-05
2017/4/19,0.005705747,18432.2,3.38E-05
2017/4/20,-0.000862329,18430.49,1.89E-05
2017/4/21,0.001554851,18620.75,1.54E-05
2017/4/24,-0.000767881,18875.88,1.82E-05
2017/4/25,0.010896535,19079.33,2.44E-05
2017/4/26,0.005432724,19289.43,1.69E-05
2017/4/27,0.002406816,19251.87,1.20E-05
2017/4/28,-0.002284755,19196.74,1.55E-05
2017/5/1,0.008136888,19310.52,1.42E-05
2017/5/2,0.005671803,19445.7,1.38E-05
2017/5/8,0.009427736,19895.7,2.00E-05
2017/5/9,-0.003654053,19843,1.55E-05
2017/5/10,0.000479007,19900.09,1.83E-05
2017/5/11,0.000882084,19961.55,8.86E-06
2017/5/12,-0.002899649,19883.9,1.26E-05
2017/5/15,0.005874842,19869.85,1.20E-05
2017/5/16,-0.001667299,19919.82,1.13E-05
2017/5/17,0.000408867,19814.88,1.43E-05
2017/5/18,-0.000160058,19553.86,2.77E-05
2017/5/19,-3.32E-05,19590.76,1.95E-05
2017/5/22,0.000396455,19678.28,1.36E-05
2017/5/23,-0.001755431,19613.28,1.21E-05
2017/5/24,-0.001749977,19742.98,1.07E-05
2017/5/25,0.003839163,19813.13,1.63E-05
2017/5/26,-0.00565528,19686.84,1.38E-05
2017/5/29,-0.000742006,19682.57,1.46E-05
2017/5/30,-0.000165655,19677.85,1.72E-05
2017/5/31,0.001030526,19650.57,1.25E-05
2017/6/1,0.008488582,19860.03,2.29E-05
2017/6/2,0.010314554,20177.28,3.34E-05
2017/6/5,0.001756552,20170.82,1.55E-05
2017/6/6,-0.007099897,19979.9,3.08E-05
2017/6/7,0.001649627,19984.62,1.80E-05
2017/6/8,-0.006958414,19909.26,2.48E-05
2017/6/9,0.003012539,20013.26,3.93E-05
2017/6/12,-0.000612111,19908.58,2.82E-05
2017/6/13,0.001958824,19898.75,1.01E-05
2017/6/14,-0.004568216,19883.52,1.70E-05
2017/6/15,0.00082124,19831.82,4.82E-05
2017/6/16,0.000607407,19943.26,2.98E-05
2017/6/19,0.004667602,20067.75,1.40E-05
2017/6/20,-0.00018337,20230.41,1.36E-05
2017/6/21,-0.002646604,20138.79,1.46E-05
2017/6/22,-0.002179071,20110.51,1.70E-05
2017/6/23,-0.000988451,20132.67,1.25E-05
2017/6/26,0.001019705,20153.35,9.28E-06
2017/6/27,-0.000199238,20225.09,8.45E-06
2017/6/28,-0.000932978,20130.41,1.40E-05
2017/6/29,-0.002004389,20220.3,9.91E-06
2017/6/30,0.000389425,20033.43,1.51E-05
2017/7/3,-2.59E-05,20055.8,1.00E-05
2017/7/4,-0.007951391,20032.35,2.07E-05
2017/7/5,0.003319977,20081.63,2.49E-05
2017/7/6,-0.003376298,19994.06,2.06E-05
2017/7/7,0.00364151,19929.09,2.84E-05
2017/7/10,0.000525013,20080.98,1.21E-05
2017/7/11,0.006040346,20195.48,6.96E-06
2017/7/12,-0.001930629,20098.38,1.41E-05
2017/7/13,-0.003846857,20099.81,1.11E-05
2017/7/14,-0.00193958,20118.86,8.99E-06
2017/7/18,-0.003718096,19999.91,2.10E-05
2017/7/19,0.002504525,20020.86,6.78E-06
2017/7/20,0.004861238,20144.59,1.08E-05
2017/7/21,0.000492167,20099.75,6.63E-06
2017/7/24,0.000100127,19975.67,1.08E-05
2017/7/25,-0.00121999,19955.2,9.54E-06
2017/7/26,-0.00239014,20050.16,9.06E-06
2017/7/27,0.002645975,20079.64,1.83E-05
2017/7/28,-0.004430088,19959.84,1.07E-05
2017/7/31,-0.000414967,19925.18,1.18E-05
2017/8/1,0.003946074,19985.79,1.37E-05
2017/8/2,0.001144577,20080.04,1.27E-05
2017/8/3,-0.001832636,20029.26,1.44E-05
2017/8/4,0.000127312,19952.33,4.22E-06
2017/8/7,-0.000169512,20055.89,3.95E-06
2017/8/8,-0.003327124,19996.01,8.66E-06
2017/8/9,-0.009592268,19738.71,5.19E-05
2017/8/10,-0.00317341,19729.74,2.14E-05
2017/8/14,-0.000433952,19537.1,2.24E-05
2017/8/15,0.003241668,19753.31,2.38E-05
2017/8/16,-0.001077512,19729.28,9.20E-06
2017/8/17,-0.00025983,19702.63,1.04E-05
2017/8/18,-4.42E-05,19470.41,1.54E-05
2017/8/21,-0.005984184,19393.13,1.57E-05
2017/8/22,0.000553707,19383.84,1.38E-05
2017/8/23,-0.005767339,19434.64,1.41E-05
2017/8/24,-0.000650308,19353.77,1.13E-05
2017/8/25,0.002650455,19452.61,1.30E-05
2017/8/28,-0.002686889,19449.9,1.58E-05
2017/8/29,0.002246027,19362.55,1.18E-05
2017/8/30,0.001311189,19506.54,1.27E-05
2017/8/31,0.00279936,19646.24,1.09E-05
2017/9/1,-0.002135699,19691.47,1.10E-05
2017/9/4,-0.005506068,19508.25,2.05E-05
2017/9/5,-0.007583442,19385.81,2.82E-05
2017/9/6,0.003721666,19357.97,2.31E-05
2017/9/7,-0.001901625,19396.52,1.70E-05
2017/9/8,-0.00119981,19274.82,1.26E-05
2017/9/11,0.005354596,19545.77,1.76E-05
2017/9/12,0.002048959,19776.62,8.35E-06
2017/9/13,-0.000396079,19865.82,5.21E-06
2017/9/14,-0.002668664,19807.44,1.58E-05
2017/9/15,0.005828247,19909.5,1.86E-05
2017/9/19,0.00846952,20299.38,1.76E-05
2017/9/20,0.000449623,20310.46,1.41E-05
2017/9/21,-0.005343609,20347.48,1.93E-05
2017/9/22,-0.005755841,20296.45,1.81E-05
2017/9/25,-0.002049612,20397.58,1.16E-05
2017/9/26,-0.000937574,20330.19,9.60E-06
2017/9/27,-0.000136666,20267.05,1.31E-05
2017/9/28,-0.001742811,20363.11,2.02E-05
2017/9/29,0.002013198,20356.28,9.50E-06
2017/10/2,1.32E-05,20400.78,7.95E-06
2017/10/3,0.006757013,20614.07,1.44E-05
2017/10/4,-0.001654255,20626.66,1.24E-05
2017/10/5,-0.001073178,20628.56,4.99E-06
2017/10/6,-0.001262572,20690.71,4.40E-06
2017/10/10,0.006889475,20823.51,1.11E-05
2017/10/11,0.003721249,20881.27,5.94E-06
2017/10/12,-0.000165104,20954.72,9.26E-06
2017/10/13,0.009285155,21155.18,3.13E-05
2017/10/16,0.001614528,21255.56,1.68E-05
2017/10/17,-0.000751963,21336.12,2.36E-05
2017/10/18,-0.000543314,21363.05,1.13E-05
2017/10/19,-7.09E-05,21448.52,1.64E-05
2017/10/20,0.003112824,21457.64,1.19E-05
2017/10/23,-0.000582869,21696.65,1.93E-05
2017/10/24,0.006218282,21805.17,1.75E-05
2017/10/25,-0.008829222,21707.62,4.01E-05
2017/10/26,0.00187989,21739.78,2.34E-05
2017/10/27,0.00479053,22008.45,2.37E-05
2017/10/30,-0.00164686,22011.67,2.21E-05
2017/10/31,0.005207157,22011.61,1.51E-05
2017/11/1,0.012348861,22420.08,3.06E-05
2017/11/2,0.00119597,22539.12,3.28E-05
2017/11/6,-0.002861301,22548.35,2.37E-05
2017/11/7,0.01842919,22937.6,4.74E-05
2017/11/8,0.002793043,22913.82,2.14E-05
2017/11/9,-0.005265379,22868.71,0.000277007
2017/11/10,0.004450528,22681.42,7.33E-05
2017/11/13,-0.010072426,22380.99,3.72E-05
2017/11/14,0.00165821,22380.01,6.88E-05
2017/11/15,-0.010057154,22028.32,0.00010131
2017/11/16,0.016960522,22351.12,6.16E-05
2017/11/17,-0.009177822,22396.8,0.000173505
2017/11/20,-0.000818109,22261.76,5.90E-05
2017/11/21,-0.001796616,22416.48,3.29E-05
2017/11/22,-0.003474819,22523.15,2.39E-05
2017/11/24,0.007152076,22550.85,2.28E-05
2017/11/27,-0.007135315,22495.99,3.49E-05
2017/11/28,0.000511555,22486.24,4.29E-05
2017/11/29,-0.00074141,22597.2,2.38E-05
2017/11/30,0.005433003,22724.96,3.71E-05
2017/12/1,-0.004281102,22819.03,6.36E-05
2017/12/4,-0.005987633,22707.16,2.38E-05
2017/12/5,0.001196434,22622.38,2.29E-05
2017/12/6,-0.015585154,22177.04,9.10E-05
2017/12/7,0.008072309,22498.03,4.02E-05
2017/12/8,0.008060515,22811.08,2.44E-05
2017/12/11,0.001938777,22938.73,1.64E-05
2017/12/12,-0.003067079,22866.17,1.48E-05
2017/12/13,-0.005311453,22758.07,2.58E-05
2017/12/14,-0.000213686,22694.45,2.03E-05
2017/12/15,-0.003016743,22553.22,4.67E-05
2017/12/18,0.005750997,22901.77,2.00E-05
2017/12/19,-0.00407904,22868,1.78E-05
2017/12/20,0.002483892,22891.72,1.55E-05
2017/12/21,0.000616386,22866.1,1.80E-05
2017/12/22,0.002274363,22902.76,1.31E-05
2017/12/25,0.001298622,22939.18,5.44E-06
2017/12/26,-0.001320946,22892.69,5.23E-06
2017/12/27,0.002483089,22911.21,6.16E-06
2017/12/28,-0.005605316,22783.98,1.44E-05
2017/12/29,-0.00291909,22764.94,1.12E-05
2018/1/4,0.018575006,23506.33,5.33E-05
2018/1/5,0.003020852,23714.53,2.84E-05
2018/1/9,-0.004141519,23849.99,1.93E-05
2018/1/10,-0.001873543,23788.2,1.34E-05
2018/1/11,0.002281767,23710.43,2.70E-05
2018/1/12,-0.002779616,23653.82,1.79E-05
2018/1/15,-0.004757821,23714.88,1.44E-05
2018/1/16,0.009675997,23951.81,1.88E-05
2018/1/17,0.003564195,23868.34,2.20E-05
2018/1/18,-0.013191865,23763.37,7.82E-05
2018/1/19,-0.001288239,23823.4,5.76E-06
2018/1/22,0.00077666,23816.33,1.92E-05
2018/1/23,0.008314555,24124.15,2.49E-05
2018/1/24,-0.003571193,23940.78,1.51E-05
2018/1/25,-0.003423021,23669.49,3.02E-05
2018/1/26,-0.005294887,23631.88,2.36E-05
2018/1/29,-0.003287108,23629.34,2.51E-05
2018/1/30,-0.011413254,23291.97,4.81E-05
2018/1/31,-0.004619095,23098.29,4.65E-05
2018/2/1,0.0089821,23486.11,3.46E-05
2018/2/2,-0.003737016,23274.53,4.90E-05
2018/2/5,-0.010485316,22682.08,9.26E-05
2018/2/6,-0.029938485,21610.24,0.000708825
2018/2/7,-0.016309513,21645.37,0.00032093
2018/2/8,0.007763422,21890.86,0.000135157
2018/2/9,-0.005834428,21382.62,0.00030988
2018/2/13,-0.018129132,21244.68,0.000104964
2018/2/14,-0.004578197,21154.17,0.000189458
2018/2/15,0.003775115,21464.98,0.000112554
2018/2/16,0.007591269,21720.25,0.000109518
2018/2/19,0.011148084,22149.21,4.69E-05
2018/2/20,-0.005876402,21925.1,5.64E-05
2018/2/21,0.001293005,21970.81,7.40E-05
2018/2/22,-0.002455527,21736.44,6.85E-05
2018/2/23,0.004718603,21892.78,2.90E-05
2018/2/26,0.000857563,22153.63,4.18E-05
2018/2/27,-8.08E-05,22389.86,3.48E-05
2018/2/28,-0.010112174,22068.24,5.84E-05
2018/3/1,-0.008098959,21724.47,5.29E-05
2018/3/2,-0.00744754,21181.64,0.00013045
2018/3/5,-0.000271799,21042.09,8.74E-05
2018/3/6,0.001287611,21417.76,3.87E-05
2018/3/7,-0.000434673,21252.72,9.83E-05
2018/3/8,-0.005604334,21368.07,3.92E-05
2018/3/9,-0.005806336,21469.2,0.000144011
2018/3/12,-9.48E-05,21824.03,9.12E-05
2018/3/13,0.01032483,21968.1,3.77E-05
2018/3/14,0.000564968,21777.29,4.41E-05
2018/3/15,0.00458812,21803.95,5.61E-05
2018/3/16,-0.009185187,21676.51,3.63E-05
2018/3/19,-0.002650006,21480.9,7.02E-05
2018/3/20,0.003889042,21380.97,3.44E-05
2018/3/22,0.011169507,21591.99,5.08E-05
2018/3/23,-0.02731505,20617.86,0.000207367
2018/3/26,0.016642016,20766.1,0.000139925
2018/3/27,0.016956511,21317.32,7.65E-05
2018/3/28,0.006595712,21031.31,0.000152486
2018/3/29,-0.004332943,21159.08,6.34E-05
2018/3/30,0.002888438,21454.3,5.65E-05
2018/4/2,-0.002474426,21388.58,4.42E-05
2018/4/3,0.008338615,21292.29,5.97E-05
2018/4/4,-0.00450681,21319.55,5.53E-05
2018/4/5,0.004827433,21645.42,4.71E-05
2018/4/6,-0.003065191,21567.52,7.06E-05
2018/4/9,0.006661509,21678.26,4.15E-05
2018/4/10,0.008971349,21794.32,7.83E-05
2018/4/11,-0.006067661,21687.1,1.80E-05
2018/4/12,0.00011127,21660.28,3.51E-05
2018/4/13,-0.001040382,21778.74,3.39E-05
2018/4/16,-0.000367224,21835.53,2.88E-05
2018/4/17,0.002096707,21847.59,2.22E-05
2018/4/18,0.010397213,22158.2,2.77E-05
2018/4/19,-0.001831483,22191.18,2.21E-05
2018/4/20,0.000632808,22162.24,2.89E-05
2018/4/23,-0.003156904,22088.04,2.54E-05
2018/4/24,0.002215386,22278.12,1.95E-05
2018/4/25,0.004362353,22215.32,2.25E-05
2018/4/26,0.001831457,22319.61,2.32E-05
2018/4/27,5.39E-05,22467.87,2.58E-05
2018/5/1,0.002429193,22508.03,8.79E-06
2018/5/2,-0.004236594,22472.78,1.22E-05
2018/5/7,-0.002048005,22467.16,2.01E-05
2018/5/8,0.003027411,22508.69,1.02E-05
2018/5/9,-0.002412647,22408.88,1.69E-05
2018/5/10,0.000652294,22497.18,1.11E-05
2018/5/11,0.008141237,22758.48,1.96E-05
2018/5/14,0.007046591,22865.86,1.48E-05
2018/5/15,-0.003126405,22818.02,9.31E-06
2018/5/16,-0.00056725,22717.23,1.20E-05
2018/5/17,0.000777503,22838.37,7.58E-06
2018/5/18,0.001010525,22930.36,1.19E-05
2018/5/21,0.002820641,23002.37,1.06E-05
2018/5/22,-0.002853461,22960.34,7.34E-06
2018/5/23,-0.007860259,22689.74,5.05E-05
2018/5/24,-0.008179671,22437.01,3.83E-05
2018/5/25,0.00314827,22450.79,4.97E-05
2018/5/28,-0.000349566,22481.09,1.74E-05
2018/5/29,-0.003282851,22358.43,3.41E-05
2018/5/30,-0.001518023,22018.52,4.83E-05
2018/5/31,0.001731988,22201.82,2.64E-05
2018/6/1,0.002036228,22171.35,4.08E-05
2018/6/4,0.004944143,22475.94,1.53E-05
2018/6/5,-0.000560192,22539.54,2.58E-05
2018/6/6,0.004670186,22625.73,1.48E-05
2018/6/7,0.003271311,22823.26,1.35E-05
2018/6/8,-0.004610738,22694.5,2.46E-05
2018/6/11,0.005147844,22804.04,1.94E-05
2018/6/12,-0.004312242,22878.35,5.15E-05
2018/6/13,0.00306176,22966.38,1.23E-05
2018/6/14,-0.004578613,22738.61,1.88E-05
2018/6/15,-0.001377064,22851.75,1.54E-05
2018/6/18,-0.005550623,22680.33,2.29E-05
2018/6/19,-0.012819613,22278.48,3.40E-05
2018/6/20,0.009662845,22555.43,4.57E-05
2018/6/21,0.007508829,22693.04,4.71E-05
2018/6/22,0.002685152,22516.83,3.77E-05
2018/6/25,-0.009153458,22338.15,2.67E-05
2018/6/26,0.008164562,22342,5.65E-05
2018/6/27,-0.002202606,22271.77,2.64E-05
2018/6/28,0.003382395,22270.39,5.37E-05
2018/6/29,-0.000446447,22304.51,3.74E-05
2018/7/2,-0.019156586,21811.93,5.15E-05
2018/7/3,-0.004740522,21785.54,9.51E-05
2018/7/4,0.001753156,21717.04,4.67E-05
2018/7/5,-0.00695815,21546.99,6.13E-05
2018/7/6,0.00646842,21788.14,8.06E-05
2018/7/9,0.009735622,22052.18,3.49E-05
2018/7/10,-0.000830852,22196.89,3.98E-05
2018/7/11,-0.003183389,21932.21,7.11E-05
2018/7/12,0.00683284,22187.96,3.45E-05
2018/7/13,0.00887794,22597.35,4.29E-05
2018/7/17,0.004045204,22697.36,3.39E-05
2018/7/18,-0.005396005,22794.19,1.85E-05
2018/7/19,-0.004686629,22764.68,2.27E-05
2018/7/20,-0.001614706,22697.88,7.59E-05
2018/7/23,-0.00371413,22396.99,3.10E-05
2018/7/24,-0.001978009,22510.48,2.59E-05
2018/7/25,0.000883462,22614.25,2.03E-05
2018/7/26,-0.005506603,22586.87,3.15E-05
2018/7/27,0.002922009,22712.75,1.51E-05
2018/7/30,-0.003032014,22544.84,2.15E-05
2018/7/31,0.003624589,22553.72,7.24E-05
2018/8/1,0.004605541,22746.7,1.22E-05
2018/8/2,-0.007267245,22512.53,3.39E-05
2018/8/3,-0.002676084,22525.18,2.24E-05
2018/8/6,-0.00127566,22507.32,2.28E-05
2018/8/7,0.006571059,22662.74,1.46E-05
2018/8/8,-0.000982104,22644.31,3.04E-05
2018/8/9,0.000303165,22598.39,1.75E-05
2018/8/10,-0.013755036,22298.08,5.61E-05
2018/8/13,-0.011831406,21857.43,4.70E-05
2018/8/14,0.013646499,22356.08,4.30E-05
2018/8/15,-0.00735437,22204.22,3.98E-05
2018/8/16,0.009563411,22192.04,0.000108903
2018/8/17,-0.001920439,22270.38,2.20E-05
2018/8/20,-0.003061663,22199,2.95E-05
2018/8/21,0.004926215,22219.73,2.03E-05
2018/8/22,0.004145407,22362.55,2.47E-05
2018/8/23,-0.000439423,22410.82,1.56E-05
2018/8/24,0.005223832,22601.77,9.24E-06
2018/8/27,0.004657834,22799.64,1.20E-05
2018/8/28,-0.006739472,22813.47,1.89E-05
2018/8/29,0.001198185,22848.22,2.63E-05
2018/8/30,-0.006567077,22869.5,2.35E-05
2018/8/31,0.005785307,22865.15,2.39E-05
2018/9/3,-0.00491099,22707.38,2.20E-05
2018/9/4,-0.001899336,22696.9,3.29E-05
2018/9/5,-0.003667622,22580.83,3.17E-05
2018/9/6,0.001289077,22487.94,2.64E-05
2018/9/7,-0.002005424,22307.06,3.34E-05
2018/9/10,0.005352857,22373.09,3.00E-05
2018/9/11,0.008636912,22664.69,2.17E-05
2018/9/12,-0.004330433,22604.61,2.76E-05
2018/9/13,0.007184403,22821.32,4.14E-05
2018/9/14,0.002553196,23094.67,2.19E-05
2018/9/18,0.016286532,23420.54,4.82E-05
2018/9/19,-0.003476469,23672.52,2.88E-05
2018/9/20,-0.003283315,23674.93,2.92E-05
2018/9/21,0.000892734,23869.93,3.73E-05
2018/9/25,0.002442804,23940.26,1.22E-05
2018/9/26,0.007819107,24033.79,1.63E-05
2018/9/27,-0.006270656,23796.74,5.00E-05
2018/9/28,0.001660995,24120.04,5.60E-05
2018/10/1,0.002990143,24245.76,2.79E-05
2018/10/2,-0.00433945,24270.62,4.93E-05
2018/10/3,-0.004478785,24110.96,4.85E-05
2018/10/4,-0.01105166,23975.62,7.22E-05
2018/10/5,8.24E-05,23783.72,5.94E-05
2018/10/9,-0.003448759,23469.39,4.57E-05
2018/10/10,-0.001397812,23506.04,5.02E-05
2018/10/11,-0.019832693,22590.86,0.000229811
2018/10/12,0.016492855,22694.66,0.000192965
2018/10/15,-0.010275565,22271.3,7.79E-05
2018/10/16,0.011195405,22549.24,7.54E-05
2018/10/17,0.001512891,22841.12,4.30E-05
2018/10/18,-0.009361923,22658.16,3.99E-05
2018/10/19,0.008471756,22532.08,6.25E-05
2018/10/22,0.010696487,22614.82,6.89E-05
2018/10/23,-0.01771343,22010.78,5.30E-05
2018/10/24,-0.003460547,22091.18,0.000158915
2018/10/25,-0.019006029,21268.73,0.00023884
2018/10/26,-0.012023012,21184.6,0.000220405
2018/10/29,-0.00818446,21149.8,0.000114538
2018/10/30,0.019186691,21457.29,0.00013504
2018/10/31,0.016137386,21920.46,6.62E-05
2018/11/1,-0.010036314,21687.65,9.54E-05
2018/11/2,0.021910995,22243.66,0.000198416
2018/11/5,-0.004714203,21898.99,8.11E-05
2018/11/6,0.005836098,22147.75,2.60E-05
2018/11/7,-0.004695152,22085.8,0.000232926
2018/11/8,0.001820937,22486.92,2.63E-05
2018/11/9,-0.00988614,22250.25,5.36E-05
2018/11/12,0.006676066,22269.88,4.82E-05
2018/11/13,-0.003420015,21810.52,0.000184909
2018/11/14,-0.000212826,21846.48,0.00010429
2018/11/15,0.006131044,21803.62,6.95E-05
2018/11/16,-0.005728856,21680.34,5.45E-05
2018/11/19,0.006534707,21821.16,5.31E-05
2018/11/20,1.99E-05,21583.12,4.82E-05
2018/11/21,0.010315939,21507.54,6.56E-05
2018/11/22,0.002964677,21646.55,4.24E-05
2018/11/26,0.007561526,21812,5.25E-05
2018/11/27,-0.000709466,21952.4,4.10E-05
2018/11/28,0.006346465,22177.02,3.61E-05
2018/11/29,-0.004409335,22262.6,3.25E-05
2018/11/30,0.003410121,22351.06,3.25E-05
2018/12/3,-0.002417036,22574.76,4.24E-05
2018/12/4,-0.0223442,22036.05,5.02E-05
2018/12/5,0.007517465,21919.33,9.91E-05
2018/12/6,-0.012243809,21501.62,8.60E-05
2018/12/7,0.00161256,21678.68,7.12E-05
2018/12/10,-0.004700169,21219.5,5.11E-05
2018/12/11,-0.005894259,21148.02,7.91E-05
2018/12/12,0.011843826,21602.75,2.96E-05
2018/12/13,0.002802763,21816.19,3.01E-05
2018/12/14,-0.012281332,21374.83,9.55E-05
2018/12/17,0.005368485,21506.88,4.00E-05
2018/12/18,-0.007551646,21115.45,9.69E-05
2018/12/19,-0.005665759,20987.92,0.000135493
2018/12/20,-0.018816508,20392.58,0.000152148
2018/12/21,-0.007130554,20166.19,0.000171627
2018/12/25,-0.032343399,19155.74,0.000379682
2018/12/26,0.001266903,19327.06,0.000388921
2018/12/27,0.018672962,20077.62,0.000289894
2018/12/28,0.002846448,20014.77,9.87E-05
2019/1/4,-0.004751509,19561.96,0.000267189
2019/1/7,0.004719946,20038.97,0.000153596
2019/1/8,-0.001020562,20204.04,7.39E-05
2019/1/9,0.002978918,20427.06,3.99E-05
2019/1/10,-0.005296456,20163.8,4.67E-05
2019/1/11,0.003111463,20359.7,1.81E-05
2019/1/15,0.014231951,20555.29,5.42E-05
2019/1/16,-0.006483443,20442.75,5.89E-05
2019/1/17,-0.006933954,20402.27,6.10E-05
2019/1/18,0.009395561,20666.07,3.11E-05
2019/1/21,-0.006209166,20719.33,5.04E-05
2019/1/22,-0.007109933,20622.91,3.40E-05
2019/1/23,0.006835091,20593.72,4.62E-05
2019/1/24,0.003329533,20574.63,3.43E-05
2019/1/25,0.00845597,20773.56,5.30E-05
2019/1/28,-0.004700543,20649,1.54E-05
2019/1/29,0.005298401,20664.64,4.28E-05
2019/1/30,-0.00703282,20556.54,3.45E-05
2019/1/31,-0.002856293,20773.49,3.44E-05
2019/2/1,-0.00041553,20788.39,5.94E-05
2019/2/4,0.002486837,20883.77,2.90E-05
2019/2/5,-0.005550557,20844.45,1.68E-05
2019/2/6,-0.002622306,20874.06,1.88E-05
2019/2/7,-0.002932383,20751.28,2.67E-05
2019/2/8,-0.008683407,20333.17,4.02E-05
2019/2/12,0.020416738,20864.21,6.48E-05
2019/2/13,0.005432217,21144.48,4.18E-05
2019/2/14,-0.000386875,21139.71,4.79E-05
2019/2/15,-0.007192989,20900.63,6.31E-05
2019/2/18,0.003036768,21281.85,2.38E-05
2019/2/19,0.002164984,21302.65,2.90E-05
2019/2/20,0.003995093,21431.49,3.11E-05
2019/2/21,0.001954926,21464.23,4.42E-05
2019/2/22,0.00229663,21425.51,2.09E-05
2019/2/25,-0.001829873,21528.23,1.96E-05
2019/2/26,-0.004958921,21449.39,2.37E-05
2019/2/27,0.002410528,21556.51,7.32E-06
2019/2/28,-0.007054268,21385.16,2.71E-05
2019/3/1,0.005229203,21602.69,2.93E-05
2019/3/4,0.000423056,21822.04,1.50E-05
2019/3/5,0.000620639,21726.28,2.61E-05
2019/3/6,-0.002876839,21596.81,1.41E-05
2019/3/7,-4.05E-05,21456.01,1.35E-05
2019/3/8,-0.014805511,21025.56,4.73E-05
2019/3/11,0.002955356,21125.09,4.45E-05
2019/3/12,0.006629163,21503.69,4.62E-05
2019/3/13,-0.006345651,21290.24,4.14E-05
2019/3/14,-0.008772413,21287.02,5.65E-05
2019/3/15,0.003461324,21450.85,1.97E-05
2019/3/18,0.000377194,21584.5,1.74E-05
2019/3/19,0.00039049,21566.85,2.60E-05
2019/3/20,0.002793023,21608.92,1.33E-05
2019/3/22,-0.003964879,21627.34,4.78E-05
2019/3/25,-0.013744011,20977.11,6.52E-05
2019/3/26,0.011926607,21428.39,2.93E-05
2019/3/27,0.00117569,21378.73,3.42E-05
2019/3/28,-0.007462898,21033.76,8.01E-05
2019/3/29,-0.001069889,21205.81,2.30E-05
2019/4/1,0.000378517,21509.03,3.31E-05
2019/4/2,-0.011067409,21505.31,3.61E-05
2019/4/3,0.006912268,21713.21,5.22E-05
2019/4/4,1.20E-05,21724.95,2.11E-05
2019/4/5,0.002955642,21807.5,3.73E-05
2019/4/8,-0.006362504,21761.65,2.36E-05
2019/4/9,0.002401679,21802.59,2.12E-05
2019/4/10,0.004987154,21687.57,1.94E-05
2019/4/11,0.002246968,21711.38,1.52E-05
2019/4/12,0.004041431,21870.56,1.70E-05
2019/4/15,0.002083443,22169.11,1.75E-05
2019/4/16,0.00512117,22221.66,2.09E-05
2019/4/17,0.001867262,22277.97,3.84E-05
2019/4/18,-0.008295466,22090.12,3.56E-05
2019/4/19,-0.001688171,22200.56,9.19E-06
2019/4/22,0.001318725,22217.9,3.89E-05
2019/4/23,0.000808962,22259.74,1.45E-05
2019/4/24,-0.007039578,22200,3.16E-05
2019/4/25,0.005585876,22307.58,1.86E-05
2019/4/26,0.004107941,22258.73,1.98E-05
2019/5/7,-0.011820183,21923.72,3.66E-05
2019/5/8,-0.001177406,21602.59,2.66E-05
2019/5/9,-0.004232664,21402.13,4.70E-05
2019/5/10,-0.004062495,21344.92,0.000184858
2019/5/13,0.000497498,21191.28,2.82E-05
2019/5/14,0.009369137,21067.23,7.43E-05
2019/5/15,0.003579554,21188.56,3.38E-05
2019/5/16,-0.004274197,21062.98,3.70E-05
2019/5/17,0.000152011,21250.09,6.12E-05
2019/5/20,-0.000199025,21301.73,5.48E-05
2019/5/21,0.002880636,21272.45,3.37E-05
2019/5/22,-0.004226756,21283.37,1.56E-05
2019/5/23,-0.001374867,21151.14,2.41E-05
2019/5/24,0.006481564,21117.22,2.28E-05
2019/5/27,0.001612056,21182.58,1.43E-05
2019/5/28,0.003438148,21260.14,2.01E-05
2019/5/29,-0.002475108,21003.37,4.07E-05
2019/5/30,0.00291842,20942.53,3.41E-05
2019/5/31,-0.008892835,20601.19,4.68E-05
2019/6/3,0.004075241,20410.88,2.78E-05
2019/6/4,-0.00133776,20408.54,3.36E-05
2019/6/5,0.005221999,20776.1,2.44E-05
2019/6/6,0.001358386,20774.04,1.56E-05
2019/6/7,0.001194409,20884.71,1.54E-05
2019/6/10,0.001847984,21134.42,1.66E-05
2019/6/11,0.004951809,21204.28,1.28E-05
2019/6/12,-3.17E-05,21129.72,1.74E-05
2019/6/13,-0.00042355,21032,4.15E-05
2019/6/14,0.003200663,21116.89,3.79E-05
2019/6/17,0.001375685,21124,1.65E-05
2019/6/18,-0.006608636,20972.71,2.20E-05
2019/6/19,0.005202441,21333.87,1.79E-05
2019/6/20,0.002104449,21462.86,1.73E-05
2019/6/21,-0.010715881,21258.64,5.21E-05
2019/6/24,0.002937224,21285.99,1.31E-05
2019/6/25,-0.002086168,21193.81,3.44E-05
2019/6/26,0.000897181,21086.59,1.94E-05
2019/6/27,0.00853234,21338.17,2.30E-05
2019/6/28,-0.000296066,21275.92,2.41E-05
2019/7/1,0.007561894,21729.97,2.04E-05
2019/7/2,0.002524067,21754.27,1.76E-05
2019/7/3,-0.002119467,21638.16,1.42E-05
2019/7/4,-0.001771502,21702.45,4.51E-06
2019/7/5,0.001968701,21746.38,1.31E-05
2019/7/8,-0.006085184,21534.35,1.81E-05
2019/7/9,-0.001529077,21565.15,2.03E-05
2019/7/10,0.001581115,21533.48,1.73E-05
2019/7/11,0.004461151,21643.53,9.22E-06
2019/7/12,-0.001577661,21685.9,2.17E-05
2019/7/17,-0.00025382,21469.18,2.20E-05
2019/7/18,-0.01371136,21046.24,3.39E-05
2019/7/19,0.015041999,21466.99,2.38E-05
2019/7/22,0.001029629,21416.79,2.76E-05
2019/7/23,0.009080513,21620.88,3.08E-05
2019/7/24,-0.000801629,21709.57,1.39E-05
2019/7/25,0.001867848,21756.55,2.67E-05
2019/7/26,-0.00193965,21658.15,2.11E-05
2019/7/29,-0.000497175,21616.8,2.30E-05
2019/7/30,0.001267079,21709.31,2.50E-05
2019/7/31,-0.00022533,21521.53,2.12E-05
2019/8/1,0.00836365,21540.99,3.21E-05
2019/8/2,-0.005858419,21087.16,3.58E-05
2019/8/5,-0.009113144,20720.29,7.62E-05
2019/8/6,0.012700475,20585.31,0.000194074
2019/8/7,-0.001534654,20516.56,6.11E-05
2019/8/8,0.003115561,20593.35,5.58E-05
2019/8/9,-0.003538843,20684.82,2.42E-05
2019/8/13,0.001113282,20455.44,4.49E-05
2019/8/14,-0.000719175,20655.13,2.39E-05
2019/8/15,0.003997069,20405.65,5.07E-05
2019/8/16,0.004655557,20418.81,2.05E-05
2019/8/19,-0.001327222,20563.16,1.82E-05
2019/8/20,0.00348186,20677.22,1.38E-05
2019/8/21,0.006256628,20618.57,1.10E-05
2019/8/22,-0.003777033,20628.01,1.65E-05
2019/8/23,0.006341856,20710.91,1.38E-05
2019/8/26,-0.003173473,20261.04,7.70E-05
2019/8/27,-0.000544433,20456.08,1.53E-05
2019/8/28,0.00024955,20479.42,9.63E-06
2019/8/29,-0.001932062,20460.93,2.41E-05
2019/8/30,0.003041661,20704.37,1.43E-05
2019/9/2,-0.000269602,20620.19,9.40E-06
2019/9/3,0.002115189,20625.16,1.07E-05
2019/9/4,0.00341857,20649.14,1.55E-05
2019/9/5,0.013639539,21085.94,4.35E-05
2019/9/6,-0.0001066,21199.57,2.03E-05
2019/9/9,0.004883749,21318.42,2.71E-05
2019/9/10,0.00133456,21392.1,1.44E-05
2019/9/11,0.006088572,21597.76,2.56E-05
2019/9/12,-6.80E-05,21759.61,2.07E-05
2019/9/13,0.003665932,21988.29,2.30E-05
2019/9/17,0.002445113,22001.32,2.68E-05
2019/9/18,-0.002453193,21960.71,1.37E-05
2019/9/19,-0.0009073,22044.45,8.91E-05
2019/9/20,-0.002336585,22079.09,1.79E-05
2019/9/25,0.002652452,22020.15,3.03E-05
2019/9/26,-0.005079547,22048.24,2.22E-05
2019/9/27,-0.002557641,21878.9,4.15E-05
2019/9/30,-0.001744675,21755.84,2.88E-05
2019/10/1,0.002461304,21885.24,1.21E-05
2019/10/2,0.001561925,21778.61,1.05E-05
2019/10/3,-0.003763922,21341.74,2.67E-05
2019/10/4,0.004401035,21410.2,1.72E-05
2019/10/7,-0.003291847,21375.25,1.63E-05
2019/10/8,0.004331256,21587.78,1.85E-05
2019/10/9,0.004509514,21456.38,1.51E-05
2019/10/10,0.004450781,21551.98,6.76E-05
2019/10/11,0.002247594,21798.87,2.66E-05
2019/10/15,0.006482834,22207.21,1.61E-05
2019/10/16,-0.000295868,22472.92,5.30E-05
2019/10/17,3.16E-05,22451.86,1.57E-05
2019/10/18,-0.001593915,22492.68,3.21E-05
2019/10/21,0.000340651,22548.9,6.68E-06
2019/10/23,0.000247982,22625.38,3.78E-05
2019/10/24,0.001106517,22750.6,9.99E-06
2019/10/25,0.00204465,22799.81,6.96E-06
2019/10/28,0.000561221,22867.27,6.20E-06
2019/10/29,0.001016442,22974.13,1.14E-05
2019/10/30,-0.004806075,22843.12,1.46E-05
2019/10/31,0.000739139,22927.04,1.89E-05
2019/11/1,0.00527762,22850.77,9.72E-06
2019/11/5,0.005745013,23251.99,2.61E-05
2019/11/6,-0.001701706,23303.82,8.96E-06
2019/11/7,0.002024309,23330.32,9.47E-06
2019/11/8,-0.006738993,23391.87,3.22E-05
2019/11/11,-0.003862351,23331.84,1.02E-05
2019/11/12,0.00783846,23520.01,1.20E-05
2019/11/13,-0.005106181,23319.87,2.09E-05
2019/11/14,-0.00791748,23141.55,5.64E-05
2019/11/15,0.006146303,23303.32,2.93E-05
2019/11/18,0.004816258,23416.76,2.01E-05
2019/11/19,-0.003159521,23292.65,2.37E-05
2019/11/20,-0.001205395,23148.57,3.86E-05
2019/11/21,-0.001427454,23038.58,9.00E-05
2019/11/22,0.003577995,23112.88,2.19E-05
2019/11/25,-1.72E-06,23292.81,1.03E-05
2019/11/26,-0.003334994,23373.32,3.34E-05
2019/11/27,-0.000643199,23437.77,1.37E-05
2019/11/28,-0.002122557,23409.14,2.60E-05
2019/11/29,-0.008699526,23293.91,2.09E-05
2019/12/2,0.006004946,23529.5,2.18E-05
2019/12/3,0.006379209,23379.81,2.16E-05
2019/12/4,-0.002224,23135.23,3.54E-05
2019/12/5,0.000317216,23300.09,2.62E-05
2019/12/6,0.00028821,23354.4,7.29E-06
2019/12/9,-0.004837049,23430.7,2.17E-05
2019/12/10,0.001615986,23410.19,1.05E-05
2019/12/11,-0.001250935,23391.86,6.97E-06
2019/12/12,-0.001044074,23424.81,1.01E-05
2019/12/13,0.008886688,24023.1,2.50E-05
2019/12/16,-0.000118979,23952.35,1.40E-05
2019/12/17,-0.001038266,24066.12,8.99E-06
2019/12/18,-0.003704936,23934.43,7.38E-06
2019/12/19,-0.001951177,23864.85,1.30E-05
2019/12/20,-0.003220287,23816.63,2.42E-05
2019/12/23,-0.004196695,23821.11,8.66E-06
2019/12/24,-0.000360816,23830.58,4.11E-06
2019/12/25,-0.001290852,23782.87,2.06E-06
2019/12/26,0.005751953,23924.92,9.35E-06
2019/12/27,-0.004855688,23837.72,5.94E-06
2019/12/30,-0.004820414,23656.62,4.23E-05
2020/1/6,-0.00493933,23204.86,1.97E-05
2020/1/7,0.010900862,23575.72,2.01E-05
2020/1/8,-0.000548444,23204.76,0.000105504
2020/1/9,0.008867386,23739.87,1.60E-05
2020/1/10,0.001564708,23850.57,2.58E-05
2020/1/14,0.002339033,24025.17,2.22E-05
2020/1/15,-0.000288461,23916.58,1.18E-05
2020/1/16,-0.001130429,23933.13,1.09E-05
2020/1/17,-0.002583463,24041.26,7.58E-06
2020/1/20,0.000117515,24083.51,6.10E-06
2020/1/21,-0.008688475,23864.56,3.63E-05
2020/1/22,0.008183581,24031.35,1.11E-05
2020/1/23,-0.002018097,23795.44,2.69E-05
2020/1/24,-0.000962303,23827.18,1.28E-05
2020/1/27,-0.003608619,23343.51,2.96E-05
2020/1/28,0.003831465,23215.71,3.65E-05
2020/1/29,0.003002012,23379.4,1.74E-05
2020/1/30,-0.013264983,22977.75,4.22E-05
2020/1/31,0.002427402,23205.18,5.88E-05
2020/2/3,0.004681859,22971.94,5.05E-05
2020/2/4,0.008852742,23084.59,3.04E-05
2020/2/5,-0.001367444,23319.56,3.05E-05
2020/2/6,0.009786104,23873.59,3.75E-05
2020/2/7,-0.002976515,23827.98,3.54E-05
2020/2/10,0.002290472,23685.98,3.24E-05
2020/2/12,0.005041771,23861.21,3.57E-05
2020/2/13,-0.000924126,23827.73,2.55E-05
2020/2/14,-0.001136236,23687.59,1.87E-05
2020/2/17,0.001423436,23523.24,4.70E-05
2020/2/18,-0.008789908,23193.8,3.03E-05
2020/2/19,0.003054569,23400.7,2.05E-05
2020/2/20,-0.007951133,23479.15,8.27E-05
2020/2/21,-0.001752876,23386.74,4.85E-05
2020/2/25,-0.015101227,22605.41,0.000391212
2020/2/26,0.002323645,22426.19,0.000131043
2020/2/27,-0.013917498,21948.23,9.99E-05
2020/2/28,-0.017583269,21142.96,0.000328578
2020/3/2,0.023430542,21344.08,0.000285752
2020/3/3,-0.026643145,21082.73,0.000168819
2020/3/4,0.009660705,21100.06,0.000162861
2020/3/5,-0.003311572,21329.12,8.03E-05
2020/3/6,-0.012454797,20749.75,8.54E-05
2020/3/9,-0.032196421,19698.76,0.000456623
2020/3/10,0.01994016,19867.12,0.000895376
2020/3/11,-0.017471073,19416.06,0.0003638
2020/3/12,-0.0268397,18559.63,0.000546873
2020/3/13,-0.042259841,17431.05,0.003849018
2020/3/16,-0.033774343,17002.04,0.001433227
2020/3/17,0.016870158,17011.53,0.001897157
2020/3/18,-0.025238769,16726.55,0.000697516
2020/3/19,-0.026407405,16552.83,0.000748339
2020/3/23,0.018962053,16887.78,0.000563082
2020/3/24,0.050179893,18092.35,0.000926383
2020/3/25,0.057911979,19546.63,0.000918614
2020/3/26,-0.030090897,18664.6,0.000737061
2020/3/27,0.019133445,19389.43,0.000830488
2020/3/30,0.010582405,19084.97,0.00027349
2020/3/31,-0.013905609,18917.01,0.000317718
2020/4/1,-0.033781942,18065.41,0.000364166
2020/4/2,-0.006472181,17818.72,0.000457012
2020/4/3,-0.00733825,17820.19,0.000200546
2020/4/6,0.039435548,18576.3,0.000480115
2020/4/7,0.003770653,18950.18,0.00048401
2020/4/8,0.015910338,19353.24,0.000472948
2020/4/9,-0.001561396,19345.77,0.000127534
2020/4/10,-8.05E-05,19498.5,8.91E-05
2020/4/13,-0.014008151,19043.4,9.52E-05
2020/4/14,0.025189329,19638.81,0.000168149
2020/4/15,-0.002001056,19550.09,0.000156146
2020/4/16,-0.001093222,19290.2,6.94E-05
2020/4/17,0.01628537,19897.26,0.000143668
2020/4/20,-0.001053381,19669.12,6.68E-05
2020/4/21,-0.010270826,19280.78,0.000121897
2020/4/22,0.001504427,19137.95,0.000132695
2020/4/23,0.006008926,19429.44,7.55E-05
2020/4/24,-0.003620269,19262,4.38E-05
2020/4/27,0.019002431,19783.22,8.10E-05
2020/4/28,-0.000252356,19771.19,6.03E-05
2020/4/30,0.004367817,20193.69,0.000128645
2020/5/1,-0.018814369,19619.35,7.82E-05
2020/5/7,0.010538302,19674.77,5.17E-05
2020/5/8,0.010311121,20179.09,9.30E-05
2020/5/11,0.002795869,20390.66,4.93E-05
2020/5/12,-0.002292808,20366.48,5.86E-05
2020/5/13,0.006242848,20267.05,5.45E-05
2020/5/14,-0.011270047,19914.78,6.18E-05
2020/5/15,-0.005589846,20037.47,0.000113604
2020/5/18,0.001795118,20133.73,5.17E-05
2020/5/19,-0.001763687,20433.45,9.74E-05
2020/5/20,0.006853193,20595.15,2.95E-05
2020/5/21,-0.006802322,20552.31,4.06E-05
2020/5/22,-0.009557306,20388.16,7.76E-05
2020/5/25,0.004263317,20741.65,2.31E-05
2020/5/26,0.016266571,21271.17,4.63E-05
2020/5/27,0.007964692,21419.23,0.000120849
2020/5/28,0.01394075,21916.31,0.000153992
2020/5/29,0.003216629,21877.89,5.59E-05
2020/6/1,0.006890575,22062.39,6.08E-05
2020/6/2,0.006745472,22325.61,5.49E-05
2020/6/3,-0.001557572,22613.76,0.000138182
2020/6/4,-0.00831055,22695.74,0.000103851
2020/6/5,0.011023312,22863.73,5.66E-05
